imagesId,image,gamesId
1,http://dummyimage.com/250x250.png/5fa2dd/ffffff,74
2,http://dummyimage.com/250x250.png/cc0000/ffffff,24
3,http://dummyimage.com/250x250.png/ff4444/ffffff,75
4,http://dummyimage.com/250x250.png/dddddd/000000,8
5,http://dummyimage.com/250x250.png/cc0000/ffffff,50
6,http://dummyimage.com/250x250.png/dddddd/000000,54
7,http://dummyimage.com/250x250.png/dddddd/000000,77
8,http://dummyimage.com/250x250.png/5fa2dd/ffffff,2
9,http://dummyimage.com/250x250.png/cc0000/ffffff,15
10,http://dummyimage.com/250x250.png/dddddd/000000,51
11,http://dummyimage.com/250x250.png/5fa2dd/ffffff,47
12,http://dummyimage.com/250x250.png/dddddd/000000,98
13,http://dummyimage.com/250x250.png/5fa2dd/ffffff,25
14,http://dummyimage.com/250x250.png/ff4444/ffffff,53
15,http://dummyimage.com/250x250.png/dddddd/000000,26
16,http://dummyimage.com/250x250.png/5fa2dd/ffffff,40
17,http://dummyimage.com/250x250.png/cc0000/ffffff,76
18,http://dummyimage.com/250x250.png/cc0000/ffffff,44
19,http://dummyimage.com/250x250.png/cc0000/ffffff,52
20,http://dummyimage.com/250x250.png/5fa2dd/ffffff,7
21,http://dummyimage.com/250x250.png/ff4444/ffffff,84
22,http://dummyimage.com/250x250.png/ff4444/ffffff,28
23,http://dummyimage.com/250x250.png/ff4444/ffffff,91
24,http://dummyimage.com/250x250.png/cc0000/ffffff,86
25,http://dummyimage.com/250x250.png/5fa2dd/ffffff,48
26,http://dummyimage.com/250x250.png/5fa2dd/ffffff,66
27,http://dummyimage.com/250x250.png/cc0000/ffffff,89
28,http://dummyimage.com/250x250.png/5fa2dd/ffffff,49
29,http://dummyimage.com/250x250.png/dddddd/000000,72
30,http://dummyimage.com/250x250.png/5fa2dd/ffffff,68
31,http://dummyimage.com/250x250.png/ff4444/ffffff,11
32,http://dummyimage.com/250x250.png/cc0000/ffffff,62
33,http://dummyimage.com/250x250.png/ff4444/ffffff,23
34,http://dummyimage.com/250x250.png/5fa2dd/ffffff,85
35,http://dummyimage.com/250x250.png/dddddd/000000,57
36,http://dummyimage.com/250x250.png/dddddd/000000,6
37,http://dummyimage.com/250x250.png/dddddd/000000,71
38,http://dummyimage.com/250x250.png/5fa2dd/ffffff,18
39,http://dummyimage.com/250x250.png/dddddd/000000,78
40,http://dummyimage.com/250x250.png/cc0000/ffffff,42
41,http://dummyimage.com/250x250.png/cc0000/ffffff,14
42,http://dummyimage.com/250x250.png/ff4444/ffffff,93
43,http://dummyimage.com/250x250.png/5fa2dd/ffffff,88
44,http://dummyimage.com/250x250.png/ff4444/ffffff,45
45,http://dummyimage.com/250x250.png/5fa2dd/ffffff,46
46,http://dummyimage.com/250x250.png/5fa2dd/ffffff,67
47,http://dummyimage.com/250x250.png/cc0000/ffffff,36
48,http://dummyimage.com/250x250.png/dddddd/000000,35
49,http://dummyimage.com/250x250.png/cc0000/ffffff,20
50,http://dummyimage.com/250x250.png/dddddd/000000,87
51,http://dummyimage.com/250x250.png/cc0000/ffffff,13
52,http://dummyimage.com/250x250.png/cc0000/ffffff,27
53,http://dummyimage.com/250x250.png/cc0000/ffffff,34
54,http://dummyimage.com/250x250.png/dddddd/000000,38
55,http://dummyimage.com/250x250.png/5fa2dd/ffffff,99
56,http://dummyimage.com/250x250.png/dddddd/000000,83
57,http://dummyimage.com/250x250.png/ff4444/ffffff,79
58,http://dummyimage.com/250x250.png/ff4444/ffffff,37
59,http://dummyimage.com/250x250.png/5fa2dd/ffffff,69
60,http://dummyimage.com/250x250.png/ff4444/ffffff,19
61,http://dummyimage.com/250x250.png/cc0000/ffffff,96
62,http://dummyimage.com/250x250.png/ff4444/ffffff,80
63,http://dummyimage.com/250x250.png/5fa2dd/ffffff,31
64,http://dummyimage.com/250x250.png/dddddd/000000,92
65,http://dummyimage.com/250x250.png/dddddd/000000,65
66,http://dummyimage.com/250x250.png/ff4444/ffffff,21
67,http://dummyimage.com/250x250.png/dddddd/000000,90
68,http://dummyimage.com/250x250.png/5fa2dd/ffffff,95
69,http://dummyimage.com/250x250.png/dddddd/000000,94
70,http://dummyimage.com/250x250.png/dddddd/000000,55
71,http://dummyimage.com/250x250.png/5fa2dd/ffffff,33
72,http://dummyimage.com/250x250.png/5fa2dd/ffffff,70
73,http://dummyimage.com/250x250.png/dddddd/000000,43
74,http://dummyimage.com/250x250.png/cc0000/ffffff,56
75,http://dummyimage.com/250x250.png/5fa2dd/ffffff,59
76,http://dummyimage.com/250x250.png/ff4444/ffffff,30
77,http://dummyimage.com/250x250.png/cc0000/ffffff,81
78,http://dummyimage.com/250x250.png/ff4444/ffffff,41
79,http://dummyimage.com/250x250.png/dddddd/000000,82
80,http://dummyimage.com/250x250.png/dddddd/000000,4
81,http://dummyimage.com/250x250.png/cc0000/ffffff,64
82,http://dummyimage.com/250x250.png/dddddd/000000,100
83,http://dummyimage.com/250x250.png/ff4444/ffffff,60
84,http://dummyimage.com/250x250.png/ff4444/ffffff,32
85,http://dummyimage.com/250x250.png/dddddd/000000,29
86,http://dummyimage.com/250x250.png/cc0000/ffffff,22
87,http://dummyimage.com/250x250.png/5fa2dd/ffffff,39
88,http://dummyimage.com/250x250.png/ff4444/ffffff,5
89,http://dummyimage.com/250x250.png/dddddd/000000,16
90,http://dummyimage.com/250x250.png/ff4444/ffffff,73
91,http://dummyimage.com/250x250.png/cc0000/ffffff,61
92,http://dummyimage.com/250x250.png/ff4444/ffffff,9
93,http://dummyimage.com/250x250.png/dddddd/000000,58
94,http://dummyimage.com/250x250.png/ff4444/ffffff,12
95,http://dummyimage.com/250x250.png/cc0000/ffffff,3
96,http://dummyimage.com/250x250.png/cc0000/ffffff,63
97,http://dummyimage.com/250x250.png/cc0000/ffffff,97
98,http://dummyimage.com/250x250.png/dddddd/000000,17
99,http://dummyimage.com/250x250.png/dddddd/000000,85
100,http://dummyimage.com/250x250.png/ff4444/ffffff,91
